Text,Link,Date
It is hereby notified for information of... Read More,https://www.aust.edu/notice/1351,Aug 17 2022
lt is hereby notified for information of... Read More,https://www.aust.edu/notice/1350,Aug 17 2022
It is hereby notified for information of... Read More,https://www.aust.edu/notice/1349,Aug 17 2022
... Read More,https://www.aust.edu/notice/1343,Aug 11 2022
It is hereby notificd for information of... Read More,https://www.aust.edu/notice/1342,Aug 10 2022
এতদ্বারা সকলের... Read More,https://www.aust.edu/notice/1341,Aug 10 2022
In continuation of the Notification No. ... Read More,https://www.aust.edu/notice/1340,Aug 10 2022
It is hereby notified for information of... Read More,https://www.aust.edu/notice/1338,Aug 07 2022
Students of MBA & EMBA Programs are here... Read More,https://www.aust.edu/notice/1335,Aug 04 2022
Students who want to appear at Improveme... Read More,https://www.aust.edu/notice/1334,Aug 04 2022
To inspire students and others to develo... Read More,https://www.aust.edu/notice/1333,Aug 04 2022
আহ্ছানউল্লা বি... Read More,https://www.aust.edu/notice/1331,Aug 04 2022
এতদ্বারা সকলের... Read More,https://www.aust.edu/notice/1330,Aug 04 2022
এতদ্বারা সকলের... Read More,https://www.aust.edu/notice/1329,Aug 04 2022
In continuation of the Notification No. ... Read More,https://www.aust.edu/notice/1328,Aug 03 2022
The internship of MBA & EMBA students ha... Read More,https://www.aust.edu/notice/1326,Aug 02 2022
It is hereby notified for information of... Read More,https://www.aust.edu/notice/1325,Aug 01 2022
It is hereby notified for information of... Read More,https://www.aust.edu/notice/1324,Aug 01 2022
Sealed bids are invited from well-establ... Read More,https://www.aust.edu/notice/1323,Aug 01 2022
.... Read More,https://www.aust.edu/notice/1321,Jul 31 2022
In continuation of the Notification No. ... Read More,https://www.aust.edu/notice/1319,Jul 26 2022
lt is hereby notified for information of... Read More,https://www.aust.edu/notice/1317,Jul 25 2022
In continuation of this Notification No.... Read More,https://www.aust.edu/notice/1316,Jul 25 2022
In continuation of this notification no.... Read More,https://www.aust.edu/notice/1312,Jul 20 2022
It is hereby notified for information of... Read More,https://www.aust.edu/notice/1314,Jul 18 2022
It is hereby notified for information of... Read More,https://www.aust.edu/notice/1313,Jul 18 2022
It is hereby notified for information of... Read More,https://www.aust.edu/notice/1311,Jul 17 2022
In continuation offthis notification no.... Read More,https://www.aust.edu/notice/1307,Jul 17 2022
It is hereby notified for information of... Read More,https://www.aust.edu/notice/1306,Jul 17 2022
.... Read More,https://www.aust.edu/notice/1304,Jul 05 2022
All the students of MBA & EMBA Programs ... Read More,https://www.aust.edu/notice/1303,Jul 05 2022
In partial rectification of the Notifica... Read More,https://www.aust.edu/notice/1302,Jul 03 2022
.... Read More,https://www.aust.edu/notice/1291,Jun 29 2022
It is hereby notified for information of... Read More,https://www.aust.edu/notice/1285,Jun 27 2022
It is hereby notified for information of... Read More,https://www.aust.edu/notice/1290,Jun 26 2022
It is hereby notified for information of... Read More,https://www.aust.edu/notice/1289,Jun 26 2022
